date,sector,above_50sma,above_200sma,new_52w_high,new_52w_low
2024-01-05,Communication Services,,,,
2024-01-05,Consumer Discretionary,,,,
2024-01-05,Consumer Staples,,,,
2024-01-05,Energy,,,,
2024-01-05,Financials,,,,
2024-01-05,Health Care,,,,
2024-01-05,Industrials,,,,
2024-01-05,Information Technology,,,,
2024-01-05,Materials,,,,
2024-01-05,Real Estate,,,,
2024-01-05,Utilities,,,,
2024-01-12,Communication Services,,,,
2024-01-12,Consumer Discretionary,,,,
2024-01-12,Consumer Staples,,,,
2024-01-12,Energy,,,,
2024-01-12,Financials,,,,
2024-01-12,Health Care,,,,
2024-01-12,Industrials,,,,
2024-01-12,Information Technology,,,,
2024-01-12,Materials,,,,
2024-01-12,Real Estate,,,,
2024-01-12,Utilities,,,,
2024-01-19,Communication Services,,,,
2024-01-19,Consumer Discretionary,,,,
2024-01-19,Consumer Staples,,,,
2024-01-19,Energy,,,,
2024-01-19,Financials,,,,
2024-01-19,Health Care,,,,
2024-01-19,Industrials,,,,
2024-01-19,Information Technology,,,,
2024-01-19,Materials,,,,
2024-01-19,Real Estate,,,,
2024-01-19,Utilities,,,,
2024-01-26,Communication Services,,,,
2024-01-26,Consumer Discretionary,,,,
2024-01-26,Consumer Staples,,,,
2024-01-26,Energy,,,,
2024-01-26,Financials,,,,
2024-01-26,Health Care,,,,
2024-01-26,Industrials,,,,
2024-01-26,Information Technology,,,,
2024-01-26,Materials,,,,
2024-01-26,Real Estate,,,,
2024-01-26,Utilities,,,,
2024-02-02,Communication Services,,,,
2024-02-02,Consumer Discretionary,,,,
2024-02-02,Consumer Staples,,,,
2024-02-02,Energy,,,,
2024-02-02,Financials,,,,
2024-02-02,Health Care,,,,
2024-02-02,Industrials,,,,
2024-02-02,Information Technology,,,,
2024-02-02,Materials,,,,
2024-02-02,Real Estate,,,,
2024-02-02,Utilities,,,,
2024-02-09,Communication Services,,,,
2024-02-09,Consumer Discretionary,,,,
2024-02-09,Consumer Staples,,,,
2024-02-09,Energy,,,,
2024-02-09,Financials,,,,
2024-02-09,Health Care,,,,
2024-02-09,Industrials,,,,
2024-02-09,Information Technology,,,,
2024-02-09,Materials,,,,
2024-02-09,Real Estate,,,,
2024-02-09,Utilities,,,,
2024-02-16,Communication Services,,,,
2024-02-16,Consumer Discretionary,,,,
2024-02-16,Consumer Staples,,,,
2024-02-16,Energy,,,,
2024-02-16,Financials,,,,
2024-02-16,Health Care,,,,
2024-02-16,Industrials,,,,
2024-02-16,Information Technology,,,,
2024-02-16,Materials,,,,
2024-02-16,Real Estate,,,,
2024-02-16,Utilities,,,,
2024-02-23,Communication Services,,,,
2024-02-23,Consumer Discretionary,,,,
2024-02-23,Consumer Staples,,,,
2024-02-23,Energy,,,,
2024-02-23,Financials,,,,
2024-02-23,Health Care,,,,
2024-02-23,Industrials,,,,
2024-02-23,Information Technology,,,,
2024-02-23,Materials,,,,
2024-02-23,Real Estate,,,,
2024-02-23,Utilities,,,,
2024-03-01,Communication Services,,,,
2024-03-01,Consumer Discretionary,,,,
2024-03-01,Consumer Staples,,,,
2024-03-01,Energy,,,,
2024-03-01,Financials,,,,
2024-03-01,Health Care,,,,
2024-03-01,Industrials,,,,
2024-03-01,Information Technology,,,,
2024-03-01,Materials,,,,
2024-03-01,Real Estate,,,,
2024-03-01,Utilities,,,,
2024-03-08,Communication Services,,,,
2024-03-08,Consumer Discretionary,,,,
2024-03-08,Consumer Staples,,,,
2024-03-08,Energy,,,,
2024-03-08,Financials,,,,
2024-03-08,Health Care,,,,
2024-03-08,Industrials,,,,
2024-03-08,Information Technology,,,,
2024-03-08,Materials,,,,
2024-03-08,Real Estate,,,,
2024-03-08,Utilities,,,,
2024-03-15,Communication Services,39.130434782608695,,,
2024-03-15,Consumer Discretionary,77.08333333333334,,,
2024-03-15,Consumer Staples,72.22222222222221,,,
2024-03-15,Energy,95.45454545454545,,,
2024-03-15,Financials,84.21052631578947,,,
2024-03-15,Health Care,66.10169491525424,,,
2024-03-15,Industrials,79.48717948717949,,,
2024-03-15,Information Technology,63.76811594202898,,,
2024-03-15,Materials,88.46153846153845,,,
2024-03-15,Real Estate,54.83870967741935,,,
2024-03-15,Utilities,77.41935483870968,,,
2024-03-22,Communication Services,47.82608695652174,,,
2024-03-22,Consumer Discretionary,79.16666666666666,,,
2024-03-22,Consumer Staples,83.33333333333334,,,
2024-03-22,Energy,95.45454545454545,,,
2024-03-22,Financials,89.47368421052632,,,
2024-03-22,Health Care,66.10169491525424,,,
2024-03-22,Industrials,88.46153846153845,,,
2024-03-22,Information Technology,73.91304347826086,,,
2024-03-22,Materials,92.3076923076923,,,
2024-03-22,Real Estate,48.38709677419355,,,
2024-03-22,Utilities,80.64516129032258,,,
2024-03-28,Communication Services,78.26086956521739,,,
2024-03-28,Consumer Discretionary,79.16666666666666,,,
2024-03-28,Consumer Staples,91.66666666666666,,,
2024-03-28,Energy,100.0,,,
2024-03-28,Financials,93.42105263157895,,,
2024-03-28,Health Care,71.1864406779661,,,
2024-03-28,Industrials,91.02564102564102,,,
2024-03-28,Information Technology,73.91304347826086,,,
2024-03-28,Materials,100.0,,,
2024-03-28,Real Estate,83.87096774193549,,,
2024-03-28,Utilities,96.7741935483871,,,
2024-04-05,Communication Services,56.52173913043478,,,
2024-04-05,Consumer Discretionary,68.75,,,
2024-04-05,Consumer Staples,63.888888888888886,,,
2024-04-05,Energy,100.0,,,
2024-04-05,Financials,88.1578947368421,,,
2024-04-05,Health Care,55.932203389830505,,,
2024-04-05,Industrials,79.48717948717949,,,
2024-04-05,Information Technology,65.21739130434783,,,
2024-04-05,Materials,92.3076923076923,,,
2024-04-05,Real Estate,64.51612903225806,,,
2024-04-05,Utilities,93.54838709677419,,,
2024-04-12,Communication Services,43.47826086956522,,,
2024-04-12,Consumer Discretionary,43.75,,,
2024-04-12,Consumer Staples,47.22222222222222,,,
2024-04-12,Energy,100.0,,,
2024-04-12,Financials,44.73684210526316,,,
2024-04-12,Health Care,22.033898305084744,,,
2024-04-12,Industrials,58.97435897435898,,,
2024-04-12,Information Technology,34.78260869565217,,,
2024-04-12,Materials,65.38461538461539,,,
2024-04-12,Real Estate,38.70967741935484,,,
2024-04-12,Utilities,61.29032258064516,,,
2024-04-19,Communication Services,39.130434782608695,,,
2024-04-19,Consumer Discretionary,20.833333333333336,,,
2024-04-19,Consumer Staples,61.111111111111114,,,
2024-04-19,Energy,95.45454545454545,,,
2024-04-19,Financials,44.73684210526316,,,
2024-04-19,Health Care,16.94915254237288,,,
2024-04-19,Industrials,32.05128205128205,,,
2024-04-19,Information Technology,11.594202898550725,,,
2024-04-19,Materials,34.61538461538461,,,
2024-04-19,Real Estate,25.806451612903224,,,
2024-04-19,Utilities,93.54838709677419,,,
2024-04-26,Communication Services,39.130434782608695,,,
2024-04-26,Consumer Discretionary,39.58333333333333,,,
2024-04-26,Consumer Staples,66.66666666666666,,,
2024-04-26,Energy,90.9090909090909,,,
2024-04-26,Financials,43.42105263157895,,,
2024-04-26,Health Care,22.033898305084744,,,
2024-04-26,Industrials,48.717948717948715,,,
2024-04-26,Information Technology,36.231884057971016,,,
2024-04-26,Materials,42.30769230769231,,,
2024-04-26,Real Estate,48.38709677419355,,,
2024-04-26,Utilities,100.0,,,
2024-05-03,Communication Services,43.47826086956522,,,
2024-05-03,Consumer Discretionary,31.25,,,
2024-05-03,Consumer Staples,52.77777777777778,,,
2024-05-03,Energy,54.54545454545454,,,
2024-05-03,Financials,48.68421052631579,,,
2024-05-03,Health Care,25.423728813559322,,,
2024-05-03,Industrials,39.743589743589745,,,
2024-05-03,Information Technology,34.78260869565217,,,
2024-05-03,Materials,46.15384615384615,,,
2024-05-03,Real Estate,54.83870967741935,,,
2024-05-03,Utilities,100.0,,,
2024-05-10,Communication Services,52.17391304347826,,,
2024-05-10,Consumer Discretionary,35.41666666666667,,,
2024-05-10,Consumer Staples,66.66666666666666,,,
2024-05-10,Energy,63.63636363636363,,,
2024-05-10,Financials,72.36842105263158,,,
2024-05-10,Health Care,50.847457627118644,,,
2024-05-10,Industrials,61.53846153846154,,,
2024-05-10,Information Technology,47.82608695652174,,,
2024-05-10,Materials,69.23076923076923,,,
2024-05-10,Real Estate,58.06451612903226,,,
2024-05-10,Utilities,100.0,,,
2024-05-17,Communication Services,65.21739130434783,,,
2024-05-17,Consumer Discretionary,39.58333333333333,,,
2024-05-17,Consumer Staples,61.111111111111114,,,
2024-05-17,Energy,63.63636363636363,,,
2024-05-17,Financials,78.94736842105263,,,
2024-05-17,Health Care,62.71186440677966,,,
2024-05-17,Industrials,58.97435897435898,,,
2024-05-17,Information Technology,63.76811594202898,,,
2024-05-17,Materials,57.692307692307686,,,
2024-05-17,Real Estate,83.87096774193549,,,
2024-05-17,Utilities,100.0,,,
2024-05-24,Communication Services,60.86956521739131,,,
2024-05-24,Consumer Discretionary,35.41666666666667,,,
2024-05-24,Consumer Staples,50.0,,,
2024-05-24,Energy,31.818181818181817,,,
2024-05-24,Financials,57.89473684210527,,,
2024-05-24,Health Care,49.152542372881356,,,
2024-05-24,Industrials,50.0,,,
2024-05-24,Information Technology,62.31884057971014,,,
2024-05-24,Materials,53.84615384615385,,,
2024-05-24,Real Estate,45.16129032258064,,,
2024-05-24,Utilities,80.64516129032258,,,
2024-05-31,Communication Services,73.91304347826086,,,
2024-05-31,Consumer Discretionary,45.83333333333333,,,
2024-05-31,Consumer Staples,38.88888888888889,,,
2024-05-31,Energy,54.54545454545454,,,
2024-05-31,Financials,52.63157894736842,,,
2024-05-31,Health Care,45.76271186440678,,,
2024-05-31,Industrials,44.871794871794876,,,
2024-05-31,Information Technology,50.72463768115942,,,
2024-05-31,Materials,61.53846153846154,,,
2024-05-31,Real Estate,67.74193548387096,,,
2024-05-31,Utilities,93.54838709677419,,,
2024-06-07,Communication Services,78.26086956521739,,,
2024-06-07,Consumer Discretionary,47.91666666666667,,,
2024-06-07,Consumer Staples,38.88888888888889,,,
2024-06-07,Energy,18.181818181818183,,,
2024-06-07,Financials,43.42105263157895,,,
2024-06-07,Health Care,58.333333333333336,,,
2024-06-07,Industrials,40.50632911392405,,,
2024-06-07,Information Technology,59.42028985507246,,,
2024-06-07,Materials,38.46153846153847,,,
2024-06-07,Real Estate,64.51612903225806,,,
2024-06-07,Utilities,77.41935483870968,,,
2024-06-14,Communication Services,69.56521739130434,,,
2024-06-14,Consumer Discretionary,54.166666666666664,,,
2024-06-14,Consumer Staples,30.555555555555557,,,
2024-06-14,Energy,18.181818181818183,,,
2024-06-14,Financials,28.947368421052634,,,
2024-06-14,Health Care,51.66666666666667,,,
2024-06-14,Industrials,34.177215189873415,,,
2024-06-14,Information Technology,62.31884057971014,,,
2024-06-14,Materials,34.61538461538461,,,
2024-06-14,Real Estate,77.41935483870968,,,
2024-06-14,Utilities,64.51612903225806,,,
2024-06-21,Communication Services,69.56521739130434,,,
2024-06-21,Consumer Discretionary,68.75,,,
2024-06-21,Consumer Staples,38.88888888888889,,,
2024-06-21,Energy,27.27272727272727,,,
2024-06-21,Financials,53.94736842105263,,,
2024-06-21,Health Care,58.333333333333336,,,
2024-06-21,Industrials,45.56962025316456,,,
2024-06-21,Information Technology,76.81159420289855,,,
2024-06-21,Materials,42.30769230769231,,,
2024-06-21,Real Estate,74.19354838709677,,,
2024-06-21,Utilities,38.70967741935484,,,
2024-06-28,Communication Services,78.26086956521739,,,
2024-06-28,Consumer Discretionary,56.25,,,
2024-06-28,Consumer Staples,27.77777777777778,,,
2024-06-28,Energy,40.909090909090914,,,
2024-06-28,Financials,51.31578947368421,,,
2024-06-28,Health Care,38.333333333333336,,,
2024-06-28,Industrials,32.91139240506329,,,
2024-06-28,Information Technology,78.26086956521739,,,
2024-06-28,Materials,26.923076923076923,,,
2024-06-28,Real Estate,87.09677419354838,,,
2024-06-28,Utilities,29.03225806451613,,,
2024-07-05,Communication Services,73.91304347826086,,,
2024-07-05,Consumer Discretionary,41.66666666666667,,,
2024-07-05,Consumer Staples,33.33333333333333,,,
2024-07-05,Energy,31.818181818181817,,,
2024-07-05,Financials,52.63157894736842,,,
2024-07-05,Health Care,33.33333333333333,,,
2024-07-05,Industrials,30.37974683544304,,,
2024-07-05,Information Technology,81.15942028985508,,,
2024-07-05,Materials,26.923076923076923,,,
2024-07-05,Real Estate,67.74193548387096,,,
2024-07-05,Utilities,29.03225806451613,,,
2024-07-12,Communication Services,82.6086956521739,,,
2024-07-12,Consumer Discretionary,64.58333333333334,,,
2024-07-12,Consumer Staples,47.22222222222222,,,
2024-07-12,Energy,45.45454545454545,,,
2024-07-12,Financials,78.94736842105263,,,
2024-07-12,Health Care,58.333333333333336,,,
2024-07-12,Industrials,64.55696202531645,,,
2024-07-12,Information Technology,91.30434782608695,,,
2024-07-12,Materials,53.84615384615385,,,
2024-07-12,Real Estate,93.54838709677419,,,
2024-07-12,Utilities,87.09677419354838,,,
2024-07-19,Communication Services,65.21739130434783,,,
2024-07-19,Consumer Discretionary,56.25,,,
2024-07-19,Consumer Staples,50.0,,,
2024-07-19,Energy,63.63636363636363,,,
2024-07-19,Financials,77.63157894736842,,,
2024-07-19,Health Care,50.0,,,
2024-07-19,Industrials,68.35443037974683,,,
2024-07-19,Information Technology,60.86956521739131,,,
2024-07-19,Materials,53.84615384615385,,,
2024-07-19,Real Estate,93.54838709677419,,,
2024-07-19,Utilities,77.41935483870968,,,
2024-07-26,Communication Services,60.86956521739131,,,
2024-07-26,Consumer Discretionary,45.83333333333333,,,
2024-07-26,Consumer Staples,75.0,,,
2024-07-26,Energy,68.18181818181817,,,
2024-07-26,Financials,84.21052631578947,,,
2024-07-26,Health Care,75.0,,,
2024-07-26,Industrials,70.88607594936708,,,
2024-07-26,Information Technology,52.17391304347826,,,
2024-07-26,Materials,69.23076923076923,,,
2024-07-26,Real Estate,87.09677419354838,,,
2024-07-26,Utilities,83.87096774193549,,,
2024-08-02,Communication Services,52.17391304347826,,,
2024-08-02,Consumer Discretionary,37.5,,,
2024-08-02,Consumer Staples,72.22222222222221,,,
2024-08-02,Energy,27.27272727272727,,,
2024-08-02,Financials,59.210526315789465,,,
2024-08-02,Health Care,78.33333333333333,,,
2024-08-02,Industrials,48.10126582278481,,,
2024-08-02,Information Technology,28.985507246376812,,,
2024-08-02,Materials,42.30769230769231,,,
2024-08-02,Real Estate,90.32258064516128,,,
2024-08-02,Utilities,83.87096774193549,,,
2024-08-09,Communication Services,65.21739130434783,,,
2024-08-09,Consumer Discretionary,37.5,,,
2024-08-09,Consumer Staples,69.44444444444444,,,
2024-08-09,Energy,45.45454545454545,,,
2024-08-09,Financials,69.73684210526315,,,
2024-08-09,Health Care,66.66666666666666,,,
2024-08-09,Industrials,55.69620253164557,,,
2024-08-09,Information Technology,37.68115942028986,,,
2024-08-09,Materials,34.61538461538461,,,
2024-08-09,Real Estate,90.32258064516128,,,
2024-08-09,Utilities,87.09677419354838,,,
2024-08-16,Communication Services,78.26086956521739,,,
2024-08-16,Consumer Discretionary,52.083333333333336,,,
2024-08-16,Consumer Staples,72.22222222222221,,,
2024-08-16,Energy,50.0,,,
2024-08-16,Financials,78.94736842105263,,,
2024-08-16,Health Care,75.0,,,
2024-08-16,Industrials,68.35443037974683,,,
2024-08-16,Information Technology,57.971014492753625,,,
2024-08-16,Materials,61.53846153846154,,,
2024-08-16,Real Estate,83.87096774193549,,,
2024-08-16,Utilities,87.09677419354838,,,
2024-08-23,Communication Services,86.95652173913044,,,
2024-08-23,Consumer Discretionary,72.91666666666666,,,
2024-08-23,Consumer Staples,72.22222222222221,,,
2024-08-23,Energy,45.45454545454545,,,
2024-08-23,Financials,85.52631578947368,,,
2024-08-23,Health Care,78.33333333333333,,,
2024-08-23,Industrials,83.54430379746836,,,
2024-08-23,Information Technology,71.01449275362319,,,
2024-08-23,Materials,84.61538461538461,,,
2024-08-23,Real Estate,100.0,,,
2024-08-23,Utilities,93.54838709677419,,,
2024-08-30,Communication Services,82.6086956521739,,,
2024-08-30,Consumer Discretionary,75.0,,,
2024-08-30,Consumer Staples,75.0,,,
2024-08-30,Energy,50.0,,,
2024-08-30,Financials,93.42105263157895,,,
2024-08-30,Health Care,81.66666666666667,,,
2024-08-30,Industrials,89.87341772151899,,,
2024-08-30,Information Technology,66.66666666666666,,,
2024-08-30,Materials,76.92307692307693,,,
2024-08-30,Real Estate,100.0,,,
2024-08-30,Utilities,93.54838709677419,,,
2024-09-06,Communication Services,52.17391304347826,,,
2024-09-06,Consumer Discretionary,54.166666666666664,,,
2024-09-06,Consumer Staples,77.77777777777779,,,
2024-09-06,Energy,18.181818181818183,,,
2024-09-06,Financials,73.68421052631578,,,
2024-09-06,Health Care,63.33333333333333,,,
2024-09-06,Industrials,48.10126582278481,,,
2024-09-06,Information Technology,34.78260869565217,,,
2024-09-06,Materials,53.84615384615385,,,
2024-09-06,Real Estate,90.32258064516128,,,
2024-09-06,Utilities,83.87096774193549,,,
2024-09-13,Communication Services,69.56521739130434,,,
2024-09-13,Consumer Discretionary,83.33333333333334,,,
2024-09-13,Consumer Staples,83.33333333333334,,,
2024-09-13,Energy,18.181818181818183,,,
2024-09-13,Financials,75.0,,,
2024-09-13,Health Care,76.66666666666667,,,
2024-09-13,Industrials,70.88607594936708,,,
2024-09-13,Information Technology,57.971014492753625,,,
2024-09-13,Materials,65.38461538461539,,,
2024-09-13,Real Estate,100.0,,,
2024-09-13,Utilities,100.0,,,
2024-09-20,Communication Services,65.21739130434783,,,
2024-09-20,Consumer Discretionary,81.25,,,
2024-09-20,Consumer Staples,72.22222222222221,,,
2024-09-20,Energy,45.45454545454545,,,
2024-09-20,Financials,90.78947368421053,,,
2024-09-20,Health Care,75.0,,,
2024-09-20,Industrials,82.27848101265823,,,
2024-09-20,Information Technology,71.01449275362319,,,
2024-09-20,Materials,73.07692307692307,,,
2024-09-20,Real Estate,100.0,,,
2024-09-20,Utilities,100.0,,,
2024-09-27,Communication Services,82.6086956521739,,,
2024-09-27,Consumer Discretionary,97.91666666666666,,,
2024-09-27,Consumer Staples,75.0,,,
2024-09-27,Energy,40.909090909090914,,,
2024-09-27,Financials,85.52631578947368,,,
2024-09-27,Health Care,65.0,,,
2024-09-27,Industrials,89.87341772151899,,,
2024-09-27,Information Technology,88.40579710144928,,,
2024-09-27,Materials,96.15384615384616,,,
2024-09-27,Real Estate,93.54838709677419,,,
2024-09-27,Utilities,100.0,,,
2024-10-04,Communication Services,73.91304347826086,,,
2024-10-04,Consumer Discretionary,85.41666666666666,,,
2024-10-04,Consumer Staples,44.44444444444444,,,
2024-10-04,Energy,90.9090909090909,,,
2024-10-04,Financials,92.10526315789474,,,
2024-10-04,Health Care,45.0,,,
2024-10-04,Industrials,86.07594936708861,,,
2024-10-04,Information Technology,79.71014492753623,,,
2024-10-04,Materials,80.76923076923077,,,
2024-10-04,Real Estate,67.74193548387096,,,
2024-10-04,Utilities,93.54838709677419,,,
2024-10-11,Communication Services,73.91304347826086,,,
2024-10-11,Consumer Discretionary,81.25,,,
2024-10-11,Consumer Staples,41.66666666666667,,,
2024-10-11,Energy,95.45454545454545,,,
2024-10-11,Financials,94.73684210526315,,,
2024-10-11,Health Care,55.00000000000001,,,
2024-10-11,Industrials,91.13924050632912,,,
2024-10-11,Information Technology,85.5072463768116,,,
2024-10-11,Materials,88.46153846153845,,,
2024-10-11,Real Estate,58.06451612903226,,,
2024-10-11,Utilities,64.51612903225806,,,
2024-10-18,Communication Services,78.26086956521739,86.95652173913044,,
2024-10-18,Consumer Discretionary,91.66666666666666,83.33333333333334,,
2024-10-18,Consumer Staples,50.0,75.0,,
2024-10-18,Energy,50.0,50.0,,
2024-10-18,Financials,96.05263157894737,97.36842105263158,,
2024-10-18,Health Care,53.333333333333336,66.10169491525424,,
2024-10-18,Industrials,89.87341772151899,87.17948717948718,,
2024-10-18,Information Technology,75.36231884057972,72.46376811594203,,
2024-10-18,Materials,84.61538461538461,76.92307692307693,,
2024-10-18,Real Estate,77.41935483870968,90.32258064516128,,
2024-10-18,Utilities,90.32258064516128,96.7741935483871,,
2024-10-25,Communication Services,73.91304347826086,82.6086956521739,,
2024-10-25,Consumer Discretionary,60.416666666666664,77.08333333333334,,
2024-10-25,Consumer Staples,22.22222222222222,55.55555555555556,,
2024-10-25,Energy,50.0,45.45454545454545,,
2024-10-25,Financials,78.94736842105263,97.36842105263158,,
2024-10-25,Health Care,31.666666666666664,52.54237288135594,,
2024-10-25,Industrials,63.29113924050633,76.92307692307693,,
2024-10-25,Information Technology,68.11594202898551,65.21739130434783,,
2024-10-25,Materials,53.84615384615385,73.07692307692307,,
2024-10-25,Real Estate,45.16129032258064,83.87096774193549,,
2024-10-25,Utilities,74.19354838709677,96.7741935483871,,
2024-11-01,Communication Services,86.95652173913044,86.95652173913044,,
2024-11-01,Consumer Discretionary,56.25,70.83333333333334,,
2024-11-01,Consumer Staples,25.0,41.66666666666667,,
2024-11-01,Energy,40.909090909090914,40.909090909090914,,
2024-11-01,Financials,69.73684210526315,93.42105263157895,,
2024-11-01,Health Care,38.333333333333336,54.23728813559322,,
2024-11-01,Industrials,58.22784810126582,80.76923076923077,,
2024-11-01,Information Technology,56.52173913043478,60.86956521739131,,
2024-11-01,Materials,46.15384615384615,65.38461538461539,,
2024-11-01,Real Estate,22.58064516129032,80.64516129032258,,
2024-11-01,Utilities,38.70967741935484,96.7741935483871,,
2024-11-08,Communication Services,86.95652173913044,86.95652173913044,,
2024-11-08,Consumer Discretionary,66.66666666666666,79.16666666666666,,
2024-11-08,Consumer Staples,33.33333333333333,50.0,,
2024-11-08,Energy,77.27272727272727,50.0,,
2024-11-08,Financials,89.47368421052632,96.05263157894737,,
2024-11-08,Health Care,45.0,52.54237288135594,,
2024-11-08,Industrials,79.74683544303798,87.17948717948718,,
2024-11-08,Information Technology,75.36231884057972,75.36231884057972,,
2024-11-08,Materials,53.84615384615385,65.38461538461539,,
2024-11-08,Real Estate,61.29032258064516,80.64516129032258,,
2024-11-08,Utilities,45.16129032258064,96.7741935483871,,
2024-11-15,Communication Services,78.26086956521739,91.30434782608695,,
2024-11-15,Consumer Discretionary,56.25,70.83333333333334,,
2024-11-15,Consumer Staples,30.555555555555557,33.33333333333333,,
2024-11-15,Energy,77.27272727272727,54.54545454545454,,
2024-11-15,Financials,88.1578947368421,96.05263157894737,,
2024-11-15,Health Care,35.0,38.983050847457626,,
2024-11-15,Industrials,67.08860759493672,84.61538461538461,,
2024-11-15,Information Technology,53.62318840579711,66.66666666666666,,
2024-11-15,Materials,42.30769230769231,50.0,,
2024-11-15,Real Estate,35.483870967741936,74.19354838709677,,
2024-11-15,Utilities,51.61290322580645,96.7741935483871,,
2024-11-22,Communication Services,82.6086956521739,91.30434782608695,,
2024-11-22,Consumer Discretionary,64.58333333333334,79.16666666666666,,
2024-11-22,Consumer Staples,38.88888888888889,44.44444444444444,,
2024-11-22,Energy,90.9090909090909,54.54545454545454,,
2024-11-22,Financials,90.78947368421053,98.68421052631578,,
2024-11-22,Health Care,43.333333333333336,42.3728813559322,,
2024-11-22,Industrials,72.15189873417721,87.17948717948718,,
2024-11-22,Information Technology,66.66666666666666,68.11594202898551,,
2024-11-22,Materials,50.0,61.53846153846154,,
2024-11-22,Real Estate,51.61290322580645,83.87096774193549,,
2024-11-22,Utilities,64.51612903225806,96.7741935483871,,
2024-11-29,Communication Services,91.30434782608695,91.30434782608695,,
2024-11-29,Consumer Discretionary,72.91666666666666,83.33333333333334,,
2024-11-29,Consumer Staples,50.0,55.55555555555556,,
2024-11-29,Energy,72.72727272727273,54.54545454545454,,
2024-11-29,Financials,94.73684210526315,100.0,,
2024-11-29,Health Care,51.66666666666667,47.45762711864407,,
2024-11-29,Industrials,77.21518987341773,88.46153846153845,,
2024-11-29,Information Technology,69.56521739130434,73.91304347826086,,
2024-11-29,Materials,53.84615384615385,61.53846153846154,,
2024-11-29,Real Estate,74.19354838709677,90.32258064516128,,
2024-11-29,Utilities,87.09677419354838,96.7741935483871,,
2024-12-06,Communication Services,91.30434782608695,91.30434782608695,,
2024-12-06,Consumer Discretionary,72.91666666666666,83.33333333333334,,
2024-12-06,Consumer Staples,47.22222222222222,44.44444444444444,,
2024-12-06,Energy,45.45454545454545,45.45454545454545,,
2024-12-06,Financials,84.21052631578947,96.05263157894737,,
2024-12-06,Health Care,40.0,42.3728813559322,,
2024-12-06,Industrials,63.29113924050633,84.61538461538461,,
2024-12-06,Information Technology,68.11594202898551,73.91304347826086,,
2024-12-06,Materials,46.15384615384615,53.84615384615385,,
2024-12-06,Real Estate,45.16129032258064,83.87096774193549,,
2024-12-06,Utilities,45.16129032258064,93.54838709677419,,
2024-12-13,Communication Services,82.6086956521739,86.95652173913044,,
2024-12-13,Consumer Discretionary,62.5,79.16666666666666,,
2024-12-13,Consumer Staples,47.22222222222222,47.22222222222222,,
2024-12-13,Energy,36.36363636363637,45.45454545454545,,
2024-12-13,Financials,68.42105263157895,92.10526315789474,,
2024-12-13,Health Care,31.666666666666664,38.983050847457626,,
2024-12-13,Industrials,49.36708860759494,79.48717948717949,,
2024-12-13,Information Technology,59.42028985507246,68.11594202898551,,
2024-12-13,Materials,30.76923076923077,42.30769230769231,,
2024-12-13,Real Estate,35.483870967741936,74.19354838709677,,
2024-12-13,Utilities,29.03225806451613,83.87096774193549,,
2024-12-20,Communication Services,52.17391304347826,82.6086956521739,,
2024-12-20,Consumer Discretionary,52.083333333333336,66.66666666666666,,
2024-12-20,Consumer Staples,30.555555555555557,33.33333333333333,,
2024-12-20,Energy,13.636363636363635,36.36363636363637,,
2024-12-20,Financials,35.526315789473685,90.78947368421053,,
2024-12-20,Health Care,18.333333333333332,28.8135593220339,,
2024-12-20,Industrials,17.72151898734177,61.53846153846154,,
2024-12-20,Information Technology,40.57971014492754,62.31884057971014,,
2024-12-20,Materials,7.6923076923076925,34.61538461538461,,
2024-12-20,Real Estate,9.67741935483871,58.06451612903226,,
2024-12-20,Utilities,9.67741935483871,77.41935483870968,,
2024-12-27,Communication Services,52.17391304347826,78.26086956521739,,
2024-12-27,Consumer Discretionary,52.083333333333336,70.83333333333334,,
2024-12-27,Consumer Staples,16.666666666666664,36.11111111111111,,
2024-12-27,Energy,13.636363636363635,36.36363636363637,,
2024-12-27,Financials,39.473684210526315,90.78947368421053,,
2024-12-27,Health Care,26.666666666666668,30.508474576271187,,
2024-12-27,Industrials,17.72151898734177,61.53846153846154,,
2024-12-27,Information Technology,42.028985507246375,62.31884057971014,,
2024-12-27,Materials,3.8461538461538463,34.61538461538461,,
2024-12-27,Real Estate,6.451612903225806,58.06451612903226,,
2024-12-27,Utilities,16.129032258064516,80.64516129032258,,
2025-01-03,Communication Services,43.47826086956522,78.26086956521739,0.0,0.0
2025-01-03,Consumer Discretionary,37.5,64.58333333333334,2.083333333333333,0.0
2025-01-03,Consumer Staples,11.11111111111111,30.555555555555557,0.0,8.333333333333332
2025-01-03,Energy,40.909090909090914,45.45454545454545,9.090909090909092,0.0
2025-01-03,Financials,31.57894736842105,90.78947368421053,0.0,0.0
2025-01-03,Health Care,26.666666666666668,32.20338983050847,0.0,0.0
2025-01-03,Industrials,15.18987341772152,60.256410256410255,0.0,3.8461538461538463
2025-01-03,Information Technology,39.130434782608695,57.971014492753625,0.0,1.4492753623188406
2025-01-03,Materials,3.8461538461538463,23.076923076923077,0.0,15.384615384615385
2025-01-03,Real Estate,6.451612903225806,58.06451612903226,0.0,0.0
2025-01-03,Utilities,22.58064516129032,77.41935483870968,0.0,0.0
2025-01-10,Communication Services,26.08695652173913,73.91304347826086,0.0,4.3478260869565215
2025-01-10,Consumer Discretionary,29.166666666666668,64.58333333333334,0.0,6.25
2025-01-10,Consumer Staples,11.11111111111111,19.444444444444446,0.0,25.0
2025-01-10,Energy,54.54545454545454,50.0,18.181818181818183,0.0
2025-01-10,Financials,10.526315789473683,80.26315789473685,0.0,0.0
2025-01-10,Health Care,26.666666666666668,36.666666666666664,0.0,1.694915254237288
2025-01-10,Industrials,8.860759493670885,53.84615384615385,2.564102564102564,2.564102564102564
2025-01-10,Information Technology,24.637681159420293,57.971014492753625,0.0,7.246376811594203
2025-01-10,Materials,3.8461538461538463,26.923076923076923,0.0,7.6923076923076925
2025-01-10,Real Estate,0.0,35.483870967741936,0.0,9.67741935483871
2025-01-10,Utilities,16.129032258064516,61.29032258064516,6.451612903225806,3.225806451612903
2025-01-17,Communication Services,39.130434782608695,73.91304347826086,0.0,0.0
2025-01-17,Consumer Discretionary,41.66666666666667,60.416666666666664,4.166666666666666,0.0
2025-01-17,Consumer Staples,11.11111111111111,22.22222222222222,0.0,0.0
2025-01-17,Energy,90.9090909090909,50.0,27.27272727272727,0.0
2025-01-17,Financials,51.31578947368421,90.78947368421053,10.526315789473683,0.0
2025-01-17,Health Care,50.0,41.66666666666667,5.084745762711865,0.0
2025-01-17,Industrials,37.9746835443038,77.21518987341773,2.564102564102564,0.0
2025-01-17,Information Technology,52.17391304347826,65.21739130434783,5.797101449275362,0.0
2025-01-17,Materials,30.76923076923077,34.61538461538461,0.0,0.0
2025-01-17,Real Estate,6.451612903225806,54.83870967741935,0.0,0.0
2025-01-17,Utilities,54.83870967741935,74.19354838709677,3.225806451612903,0.0
2025-01-24,Communication Services,60.86956521739131,82.6086956521739,8.695652173913043,4.3478260869565215
2025-01-24,Consumer Discretionary,50.0,64.58333333333334,12.5,0.0
2025-01-24,Consumer Staples,13.88888888888889,25.0,0.0,2.7777777777777777
2025-01-24,Energy,72.72727272727273,50.0,0.0,0.0
2025-01-24,Financials,59.210526315789465,89.47368421052632,11.842105263157894,0.0
2025-01-24,Health Care,71.66666666666667,46.666666666666664,5.084745762711865,0.0
2025-01-24,Industrials,55.69620253164557,75.9493670886076,3.8461538461538463,0.0
2025-01-24,Information Technology,69.56521739130434,68.11594202898551,8.695652173913043,0.0
2025-01-24,Materials,50.0,42.30769230769231,3.8461538461538463,0.0
2025-01-24,Real Estate,19.35483870967742,48.38709677419355,0.0,0.0
2025-01-24,Utilities,38.70967741935484,74.19354838709677,0.0,0.0
2025-01-31,Communication Services,65.21739130434783,78.26086956521739,21.73913043478261,0.0
2025-01-31,Consumer Discretionary,54.166666666666664,62.5,10.416666666666668,0.0
2025-01-31,Consumer Staples,27.77777777777778,25.0,2.7777777777777777,2.7777777777777777
2025-01-31,Energy,27.27272727272727,45.45454545454545,4.545454545454546,0.0
2025-01-31,Financials,67.10526315789474,94.73684210526315,10.526315789473683,0.0
2025-01-31,Health Care,76.66666666666667,51.66666666666667,3.389830508474576,0.0
2025-01-31,Industrials,46.835443037974684,72.15189873417721,2.564102564102564,0.0
2025-01-31,Information Technology,55.072463768115945,62.31884057971014,8.695652173913043,1.4492753623188406
2025-01-31,Materials,42.30769230769231,46.15384615384615,3.8461538461538463,0.0
2025-01-31,Real Estate,22.58064516129032,61.29032258064516,3.225806451612903,0.0
2025-01-31,Utilities,51.61290322580645,74.19354838709677,0.0,6.451612903225806
2025-02-07,Communication Services,52.17391304347826,78.26086956521739,26.08695652173913,0.0
2025-02-07,Consumer Discretionary,52.083333333333336,56.25,14.583333333333334,8.333333333333332
2025-02-07,Consumer Staples,22.22222222222222,22.22222222222222,2.7777777777777777,5.555555555555555
2025-02-07,Energy,36.36363636363637,50.0,0.0,4.545454545454546
2025-02-07,Financials,65.78947368421053,90.78947368421053,15.789473684210526,1.3157894736842104
2025-02-07,Health Care,58.333333333333336,50.0,1.694915254237288,6.779661016949152
2025-02-07,Industrials,40.50632911392405,60.75949367088608,5.128205128205128,0.0
2025-02-07,Information Technology,56.52173913043478,60.86956521739131,10.144927536231885,1.4492753623188406
2025-02-07,Materials,53.84615384615385,46.15384615384615,0.0,7.6923076923076925
2025-02-07,Real Estate,54.83870967741935,64.51612903225806,3.225806451612903,0.0
2025-02-07,Utilities,70.96774193548387,80.64516129032258,9.67741935483871,3.225806451612903
2025-02-14,Communication Services,65.21739130434783,82.6086956521739,30.434782608695656,0.0
2025-02-14,Consumer Discretionary,60.416666666666664,66.66666666666666,8.333333333333332,0.0
2025-02-14,Consumer Staples,30.555555555555557,27.77777777777778,5.555555555555555,0.0
2025-02-14,Energy,68.18181818181817,50.0,0.0,0.0
2025-02-14,Financials,59.210526315789465,85.52631578947368,10.526315789473683,0.0
2025-02-14,Health Care,48.333333333333336,43.333333333333336,5.084745762711865,5.084745762711865
2025-02-14,Industrials,45.56962025316456,65.82278481012658,6.41025641025641,3.8461538461538463
2025-02-14,Information Technology,63.76811594202898,62.31884057971014,5.797101449275362,0.0
2025-02-14,Materials,69.23076923076923,53.84615384615385,7.6923076923076925,0.0
2025-02-14,Real Estate,51.61290322580645,48.38709677419355,3.225806451612903,0.0
2025-02-14,Utilities,80.64516129032258,77.41935483870968,19.35483870967742,0.0
2025-02-21,Communication Services,65.21739130434783,78.26086956521739,17.391304347826086,4.3478260869565215
2025-02-21,Consumer Discretionary,50.0,64.58333333333334,4.166666666666666,0.0
2025-02-21,Consumer Staples,63.888888888888886,44.44444444444444,2.7777777777777777,0.0
2025-02-21,Energy,77.27272727272727,50.0,0.0,0.0
2025-02-21,Financials,47.368421052631575,84.21052631578947,0.0,0.0
2025-02-21,Health Care,50.0,43.333333333333336,5.084745762711865,1.694915254237288
2025-02-21,Industrials,39.24050632911392,55.69620253164557,0.0,2.564102564102564
2025-02-21,Information Technology,50.72463768115942,60.86956521739131,1.4492753623188406,2.898550724637681
2025-02-21,Materials,46.15384615384615,38.46153846153847,0.0,0.0
2025-02-21,Real Estate,64.51612903225806,54.83870967741935,0.0,0.0
2025-02-21,Utilities,83.87096774193549,83.87096774193549,25.806451612903224,0.0
2025-02-28,Communication Services,65.21739130434783,69.56521739130434,4.3478260869565215,4.3478260869565215
2025-02-28,Consumer Discretionary,56.25,68.75,8.333333333333332,0.0
2025-02-28,Consumer Staples,69.44444444444444,44.44444444444444,0.0,2.7777777777777777
2025-02-28,Energy,50.0,54.54545454545454,0.0,4.545454545454546
2025-02-28,Financials,65.78947368421053,86.8421052631579,14.473684210526317,0.0
2025-02-28,Health Care,51.66666666666667,45.0,6.779661016949152,1.694915254237288
2025-02-28,Industrials,40.50632911392405,54.43037974683544,6.41025641025641,0.0
2025-02-28,Information Technology,31.88405797101449,50.72463768115942,0.0,7.246376811594203
2025-02-28,Materials,53.84615384615385,46.15384615384615,3.8461538461538463,7.6923076923076925
2025-02-28,Real Estate,77.41935483870968,67.74193548387096,12.903225806451612,0.0
2025-02-28,Utilities,77.41935483870968,77.41935483870968,25.806451612903224,0.0
2025-03-07,Communication Services,52.17391304347826,69.56521739130434,4.3478260869565215,4.3478260869565215
2025-03-07,Consumer Discretionary,35.41666666666667,56.25,6.25,4.166666666666666
2025-03-07,Consumer Staples,80.55555555555556,58.333333333333336,5.555555555555555,2.7777777777777777
2025-03-07,Energy,22.727272727272727,40.909090909090914,0.0,0.0
2025-03-07,Financials,38.15789473684211,67.10526315789474,1.3157894736842104,1.3157894736842104
2025-03-07,Health Care,55.00000000000001,51.66666666666667,3.389830508474576,1.694915254237288
2025-03-07,Industrials,48.10126582278481,49.36708860759494,0.0,0.0
2025-03-07,Information Technology,23.18840579710145,39.130434782608695,0.0,4.3478260869565215
2025-03-07,Materials,38.46153846153847,30.76923076923077,0.0,7.6923076923076925
2025-03-07,Real Estate,67.74193548387096,70.96774193548387,0.0,0.0
2025-03-07,Utilities,70.96774193548387,67.74193548387096,0.0,0.0
2025-03-14,Communication Services,26.08695652173913,60.86956521739131,0.0,4.3478260869565215
2025-03-14,Consumer Discretionary,14.583333333333334,31.25,0.0,2.083333333333333
2025-03-14,Consumer Staples,58.333333333333336,38.88888888888889,0.0,2.7777777777777777
2025-03-14,Energy,40.909090909090914,45.45454545454545,0.0,0.0
2025-03-14,Financials,34.21052631578947,55.26315789473685,0.0,0.0
2025-03-14,Health Care,36.666666666666664,38.333333333333336,0.0,1.694915254237288
2025-03-14,Industrials,26.582278481012654,34.177215189873415,0.0,1.282051282051282
2025-03-14,Information Technology,8.695652173913043,27.536231884057973,0.0,0.0
2025-03-14,Materials,19.230769230769234,26.923076923076923,0.0,0.0
2025-03-14,Real Estate,51.61290322580645,45.16129032258064,0.0,0.0
2025-03-14,Utilities,80.64516129032258,74.19354838709677,6.451612903225806,0.0
2025-03-21,Communication Services,52.17391304347826,65.21739130434783,0.0,0.0
2025-03-21,Consumer Discretionary,20.833333333333336,41.66666666666667,0.0,8.333333333333332
2025-03-21,Consumer Staples,55.55555555555556,33.33333333333333,0.0,2.7777777777777777
2025-03-21,Energy,59.09090909090909,50.0,0.0,0.0
2025-03-21,Financials,31.57894736842105,61.8421052631579,3.9473684210526314,0.0
2025-03-21,Health Care,38.333333333333336,33.33333333333333,5.084745762711865,0.0
2025-03-21,Industrials,24.050632911392405,35.44303797468354,0.0,3.8461538461538463
2025-03-21,Information Technology,11.594202898550725,28.985507246376812,1.4492753623188406,2.898550724637681
2025-03-21,Materials,15.384615384615385,26.923076923076923,0.0,11.538461538461538
2025-03-21,Real Estate,41.935483870967744,45.16129032258064,0.0,3.225806451612903
2025-03-21,Utilities,80.64516129032258,77.41935483870968,9.67741935483871,0.0
2025-03-28,Communication Services,43.47826086956522,60.86956521739131,4.3478260869565215,0.0
2025-03-28,Consumer Discretionary,14.583333333333334,35.41666666666667,0.0,4.166666666666666
2025-03-28,Consumer Staples,77.77777777777779,47.22222222222222,0.0,0.0
2025-03-28,Energy,54.54545454545454,54.54545454545454,4.545454545454546,0.0
2025-03-28,Financials,32.89473684210527,59.210526315789465,6.578947368421052,0.0
2025-03-28,Health Care,35.0,36.666666666666664,5.0,6.666666666666667
2025-03-28,Industrials,24.050632911392405,36.708860759493675,0.0,1.2658227848101267
2025-03-28,Information Technology,7.246376811594203,20.28985507246377,0.0,13.043478260869565
2025-03-28,Materials,15.384615384615385,23.076923076923077,0.0,11.538461538461538
2025-03-28,Real Estate,51.61290322580645,51.61290322580645,0.0,3.225806451612903
2025-03-28,Utilities,83.87096774193549,70.96774193548387,12.903225806451612,0.0
2025-04-04,Communication Services,13.043478260869565,43.47826086956522,0.0,21.73913043478261
2025-04-04,Consumer Discretionary,6.25,20.833333333333336,2.083333333333333,31.25
2025-04-04,Consumer Staples,44.44444444444444,41.66666666666667,2.7777777777777777,8.333333333333332
2025-04-04,Energy,0.0,18.181818181818183,0.0,50.0
2025-04-04,Financials,5.263157894736842,26.31578947368421,2.631578947368421,11.842105263157894
2025-04-04,Health Care,20.0,23.333333333333332,3.3333333333333335,33.33333333333333
2025-04-04,Industrials,3.79746835443038,17.72151898734177,0.0,36.708860759493675
2025-04-04,Information Technology,1.4492753623188406,5.797101449275362,0.0,44.927536231884055
2025-04-04,Materials,0.0,0.0,0.0,38.46153846153847
2025-04-04,Real Estate,12.903225806451612,19.35483870967742,0.0,16.129032258064516
2025-04-04,Utilities,45.16129032258064,61.29032258064516,22.58064516129032,0.0
2025-04-11,Communication Services,17.391304347826086,43.47826086956522,0.0,0.0
2025-04-11,Consumer Discretionary,12.5,25.0,2.083333333333333,2.083333333333333
2025-04-11,Consumer Staples,58.333333333333336,41.66666666666667,0.0,0.0
2025-04-11,Energy,0.0,22.727272727272727,0.0,4.545454545454546
2025-04-11,Financials,18.421052631578945,34.21052631578947,0.0,0.0
2025-04-11,Health Care,20.0,23.333333333333332,0.0,3.3333333333333335
2025-04-11,Industrials,18.9873417721519,29.11392405063291,0.0,0.0
2025-04-11,Information Technology,2.898550724637681,15.942028985507244,0.0,1.4492753623188406
2025-04-11,Materials,3.8461538461538463,7.6923076923076925,0.0,0.0
2025-04-11,Real Estate,16.129032258064516,22.58064516129032,0.0,0.0
2025-04-11,Utilities,54.83870967741935,67.74193548387096,0.0,0.0
2025-04-17,Communication Services,26.08695652173913,52.17391304347826,0.0,0.0
2025-04-17,Consumer Discretionary,16.666666666666664,25.0,0.0,0.0
2025-04-17,Consumer Staples,61.111111111111114,55.55555555555556,2.7777777777777777,0.0
2025-04-17,Energy,18.181818181818183,31.818181818181817,0.0,0.0
2025-04-17,Financials,17.105263157894736,32.89473684210527,0.0,1.3157894736842104
2025-04-17,Health Care,21.666666666666668,23.333333333333332,0.0,1.6666666666666667
2025-04-17,Industrials,24.050632911392405,26.582278481012654,0.0,0.0
2025-04-17,Information Technology,4.3478260869565215,17.391304347826086,0.0,0.0
2025-04-17,Materials,11.538461538461538,15.384615384615385,0.0,0.0
2025-04-17,Real Estate,29.03225806451613,35.483870967741936,0.0,0.0
2025-04-17,Utilities,67.74193548387096,70.96774193548387,3.225806451612903,0.0
2025-04-25,Communication Services,39.130434782608695,56.52173913043478,8.695652173913043,0.0
2025-04-25,Consumer Discretionary,31.25,33.33333333333333,0.0,0.0
2025-04-25,Consumer Staples,55.55555555555556,41.66666666666667,0.0,5.555555555555555
2025-04-25,Energy,13.636363636363635,27.27272727272727,0.0,0.0
2025-04-25,Financials,19.736842105263158,38.15789473684211,0.0,0.0
2025-04-25,Health Care,23.333333333333332,30.0,0.0,1.6666666666666667
2025-04-25,Industrials,41.77215189873418,32.91139240506329,0.0,1.2658227848101267
2025-04-25,Information Technology,28.57142857142857,24.637681159420293,1.4492753623188406,0.0
2025-04-25,Materials,34.61538461538461,19.230769230769234,0.0,0.0
2025-04-25,Real Estate,32.25806451612903,35.483870967741936,0.0,0.0
2025-04-25,Utilities,67.74193548387096,70.96774193548387,3.225806451612903,0.0
2025-05-02,Communication Services,65.21739130434783,65.21739130434783,4.3478260869565215,0.0
2025-05-02,Consumer Discretionary,58.333333333333336,35.41666666666667,0.0,0.0
2025-05-02,Consumer Staples,47.22222222222222,41.66666666666667,0.0,0.0
2025-05-02,Energy,27.27272727272727,27.27272727272727,0.0,0.0
2025-05-02,Financials,64.47368421052632,50.0,5.263157894736842,1.3157894736842104
2025-05-02,Health Care,38.333333333333336,38.333333333333336,3.3333333333333335,5.0
2025-05-02,Industrials,60.75949367088608,41.77215189873418,3.79746835443038,0.0
2025-05-02,Information Technology,62.857142857142854,36.231884057971016,2.898550724637681,0.0
2025-05-02,Materials,61.53846153846154,38.46153846153847,0.0,0.0
2025-05-02,Real Estate,67.74193548387096,58.06451612903226,0.0,0.0
2025-05-02,Utilities,77.41935483870968,77.41935483870968,6.451612903225806,0.0
2025-05-09,Communication Services,60.86956521739131,69.56521739130434,0.0,0.0
2025-05-09,Consumer Discretionary,62.5,41.66666666666667,0.0,0.0
2025-05-09,Consumer Staples,41.66666666666667,30.555555555555557,2.7777777777777777,0.0
2025-05-09,Energy,22.727272727272727,22.727272727272727,0.0,0.0
2025-05-09,Financials,77.63157894736842,52.63157894736842,1.3157894736842104,0.0
2025-05-09,Health Care,41.66666666666667,35.0,1.6666666666666667,5.0
2025-05-09,Industrials,73.41772151898735,46.835443037974684,2.5316455696202533,0.0
2025-05-09,Information Technology,82.85714285714286,40.57971014492754,0.0,0.0
2025-05-09,Materials,50.0,38.46153846153847,7.6923076923076925,0.0
2025-05-09,Real Estate,64.51612903225806,38.70967741935484,0.0,0.0
2025-05-09,Utilities,70.96774193548387,80.64516129032258,0.0,0.0
2025-05-16,Communication Services,82.6086956521739,69.56521739130434,13.043478260869565,0.0
2025-05-16,Consumer Discretionary,95.83333333333334,66.66666666666666,8.333333333333332,0.0
2025-05-16,Consumer Staples,58.333333333333336,41.66666666666667,2.7777777777777777,0.0
2025-05-16,Energy,50.0,36.36363636363637,4.545454545454546,0.0
2025-05-16,Financials,86.8421052631579,75.0,7.894736842105263,0.0
2025-05-16,Health Care,56.666666666666664,38.333333333333336,5.0,0.0
2025-05-16,Industrials,96.20253164556962,67.08860759493672,10.126582278481013,0.0
2025-05-16,Information Technology,97.14285714285714,62.31884057971014,4.3478260869565215,0.0
2025-05-16,Materials,80.76923076923077,42.30769230769231,3.8461538461538463,0.0
2025-05-16,Real Estate,80.64516129032258,51.61290322580645,0.0,0.0
2025-05-16,Utilities,61.29032258064516,83.87096774193549,3.225806451612903,0.0
2025-05-23,Communication Services,73.91304347826086,69.56521739130434,0.0,0.0
2025-05-23,Consumer Discretionary,68.75,52.083333333333336,0.0,0.0
2025-05-23,Consumer Staples,50.0,36.11111111111111,2.7777777777777777,8.333333333333332
2025-05-23,Energy,31.818181818181817,27.27272727272727,0.0,0.0
2025-05-23,Financials,73.68421052631578,56.57894736842105,0.0,0.0
2025-05-23,Health Care,41.66666666666667,33.33333333333333,0.0,3.3333333333333335
2025-05-23,Industrials,81.0126582278481,50.63291139240506,2.5316455696202533,0.0
2025-05-23,Information Technology,85.71428571428571,50.72463768115942,2.898550724637681,0.0
2025-05-23,Materials,61.53846153846154,34.61538461538461,0.0,0.0
2025-05-23,Real Estate,25.806451612903224,19.35483870967742,0.0,3.225806451612903
2025-05-23,Utilities,48.38709677419355,80.64516129032258,0.0,0.0
2025-05-30,Communication Services,82.6086956521739,78.26086956521739,0.0,0.0
2025-05-30,Consumer Discretionary,75.0,58.333333333333336,8.333333333333332,0.0
2025-05-30,Consumer Staples,52.77777777777778,44.44444444444444,2.7777777777777777,0.0
2025-05-30,Energy,31.818181818181817,22.727272727272727,0.0,0.0
2025-05-30,Financials,84.21052631578947,65.78947368421053,3.9473684210526314,0.0
2025-05-30,Health Care,56.666666666666664,33.33333333333333,0.0,3.3333333333333335
2025-05-30,Industrials,87.34177215189874,55.69620253164557,6.329113924050633,0.0
2025-05-30,Information Technology,87.14285714285714,49.275362318840585,4.3478260869565215,0.0
2025-05-30,Materials,69.23076923076923,34.61538461538461,7.6923076923076925,0.0
2025-05-30,Real Estate,67.74193548387096,41.935483870967744,0.0,0.0
2025-05-30,Utilities,58.06451612903226,80.64516129032258,0.0,0.0
2025-06-06,Communication Services,91.30434782608695,82.6086956521739,0.0,0.0
2025-06-06,Consumer Discretionary,79.16666666666666,56.25,10.416666666666668,0.0
2025-06-06,Consumer Staples,36.11111111111111,33.33333333333333,0.0,0.0
2025-06-06,Energy,68.18181818181817,27.27272727272727,0.0,0.0
2025-06-06,Financials,85.52631578947368,65.78947368421053,5.263157894736842,0.0
2025-06-06,Health Care,66.66666666666666,38.333333333333336,0.0,0.0
2025-06-06,Industrials,92.40506329113924,56.9620253164557,12.658227848101266,0.0
2025-06-06,Information Technology,92.85714285714286,59.42028985507246,10.144927536231885,0.0
2025-06-06,Materials,84.61538461538461,38.46153846153847,3.8461538461538463,0.0
2025-06-06,Real Estate,58.06451612903226,35.483870967741936,0.0,0.0
2025-06-06,Utilities,29.03225806451613,77.41935483870968,0.0,0.0
2025-06-13,Communication Services,82.6086956521739,73.91304347826086,0.0,0.0
2025-06-13,Consumer Discretionary,70.83333333333334,50.0,0.0,0.0
2025-06-13,Consumer Staples,41.66666666666667,38.88888888888889,2.7777777777777777,11.11111111111111
2025-06-13,Energy,95.45454545454545,45.45454545454545,0.0,0.0
2025-06-13,Financials,75.0,52.63157894736842,0.0,0.0
2025-06-13,Health Care,71.66666666666667,40.0,6.666666666666667,0.0
2025-06-13,Industrials,89.87341772151899,58.22784810126582,1.2658227848101267,0.0
2025-06-13,Information Technology,84.28571428571429,52.17391304347826,1.4492753623188406,0.0
2025-06-13,Materials,76.92307692307693,38.46153846153847,11.538461538461538,0.0
2025-06-13,Real Estate,70.96774193548387,35.483870967741936,0.0,0.0
2025-06-13,Utilities,41.935483870967744,80.64516129032258,0.0,6.451612903225806
2025-06-20,Communication Services,86.95652173913044,69.56521739130434,8.695652173913043,0.0
2025-06-20,Consumer Discretionary,70.83333333333334,47.91666666666667,4.166666666666666,0.0
2025-06-20,Consumer Staples,44.44444444444444,47.22222222222222,0.0,8.333333333333332
2025-06-20,Energy,90.9090909090909,50.0,9.090909090909092,0.0
2025-06-20,Financials,72.36842105263158,56.57894736842105,3.9473684210526314,0.0
2025-06-20,Health Care,60.0,33.33333333333333,3.3333333333333335,0.0
2025-06-20,Industrials,74.68354430379746,54.43037974683544,0.0,0.0
2025-06-20,Information Technology,74.28571428571429,57.971014492753625,4.3478260869565215,1.4492753623188406
2025-06-20,Materials,53.84615384615385,30.76923076923077,3.8461538461538463,0.0
2025-06-20,Real Estate,77.41935483870968,35.483870967741936,0.0,0.0
2025-06-20,Utilities,29.03225806451613,70.96774193548387,0.0,0.0
2025-06-27,Communication Services,86.95652173913044,82.6086956521739,17.391304347826086,0.0
2025-06-27,Consumer Discretionary,79.16666666666666,56.25,8.333333333333332,0.0
2025-06-27,Consumer Staples,44.44444444444444,38.88888888888889,0.0,13.88888888888889
2025-06-27,Energy,81.81818181818183,31.818181818181817,4.545454545454546,0.0
2025-06-27,Financials,76.31578947368422,73.68421052631578,11.842105263157894,1.3157894736842104
2025-06-27,Health Care,70.0,38.333333333333336,5.0,0.0
2025-06-27,Industrials,83.54430379746836,62.0253164556962,12.658227848101266,0.0
2025-06-27,Information Technology,85.71428571428571,66.66666666666666,13.043478260869565,0.0
2025-06-27,Materials,80.76923076923077,46.15384615384615,0.0,0.0
2025-06-27,Real Estate,54.83870967741935,32.25806451612903,0.0,0.0
2025-06-27,Utilities,38.70967741935484,74.19354838709677,3.225806451612903,0.0
2025-07-03,Communication Services,100.0,86.95652173913044,4.3478260869565215,0.0
2025-07-03,Consumer Discretionary,85.41666666666666,70.83333333333334,6.25,0.0
2025-07-03,Consumer Staples,58.333333333333336,47.22222222222222,0.0,0.0
2025-07-03,Energy,81.81818181818183,45.45454545454545,0.0,0.0
2025-07-03,Financials,78.94736842105263,75.0,22.36842105263158,0.0
2025-07-03,Health Care,81.66666666666667,45.0,1.6666666666666667,3.3333333333333335
2025-07-03,Industrials,84.81012658227847,74.68354430379746,11.39240506329114,0.0
2025-07-03,Information Technology,90.0,76.81159420289855,20.28985507246377,0.0
2025-07-03,Materials,96.15384615384616,57.692307692307686,7.6923076923076925,0.0
2025-07-03,Real Estate,67.74193548387096,38.70967741935484,3.225806451612903,0.0
2025-07-03,Utilities,45.16129032258064,80.64516129032258,3.225806451612903,0.0
2025-07-11,Communication Services,73.91304347826086,82.6086956521739,0.0,0.0
2025-07-11,Consumer Discretionary,79.16666666666666,77.08333333333334,4.166666666666666,0.0
2025-07-11,Consumer Staples,38.88888888888889,41.66666666666667,2.7777777777777777,0.0
2025-07-11,Energy,77.27272727272727,50.0,0.0,0.0
2025-07-11,Financials,64.47368421052632,67.10526315789474,3.9473684210526314,0.0
2025-07-11,Health Care,65.0,45.0,0.0,5.0
2025-07-11,Industrials,81.0126582278481,78.48101265822784,3.79746835443038,0.0
2025-07-11,Information Technology,70.0,66.66666666666666,5.797101449275362,0.0
2025-07-11,Materials,96.15384615384616,61.53846153846154,0.0,0.0
2025-07-11,Real Estate,61.29032258064516,41.935483870967744,0.0,0.0
2025-07-11,Utilities,64.51612903225806,83.87096774193549,0.0,0.0
2025-07-18,Communication Services,60.86956521739131,78.26086956521739,0.0,0.0
2025-07-18,Consumer Discretionary,75.0,70.83333333333334,4.166666666666666,0.0
2025-07-18,Consumer Staples,41.66666666666667,38.88888888888889,2.7777777777777777,0.0
2025-07-18,Energy,72.72727272727273,36.36363636363637,0.0,0.0
2025-07-18,Financials,68.42105263157895,73.68421052631578,14.473684210526317,0.0
2025-07-18,Health Care,48.333333333333336,35.0,0.0,6.666666666666667
2025-07-18,Industrials,73.41772151898735,75.9493670886076,21.518987341772153,0.0
2025-07-18,Information Technology,80.0,69.56521739130434,11.594202898550725,0.0
2025-07-18,Materials,88.46153846153845,53.84615384615385,0.0,0.0
2025-07-18,Real Estate,64.51612903225806,38.70967741935484,3.225806451612903,0.0
2025-07-18,Utilities,83.87096774193549,90.32258064516128,3.225806451612903,0.0
2025-07-25,Communication Services,82.6086956521739,82.6086956521739,4.3478260869565215,4.3478260869565215
2025-07-25,Consumer Discretionary,87.5,72.91666666666666,10.416666666666668,2.083333333333333
2025-07-25,Consumer Staples,61.111111111111114,47.22222222222222,0.0,0.0
2025-07-25,Energy,63.63636363636363,40.909090909090914,0.0,0.0
2025-07-25,Financials,73.68421052631578,77.63157894736842,14.473684210526317,0.0
2025-07-25,Health Care,66.66666666666666,48.333333333333336,3.3333333333333335,5.0
2025-07-25,Industrials,78.48101265822784,79.74683544303798,18.9873417721519,0.0
2025-07-25,Information Technology,72.85714285714285,71.01449275362319,14.492753623188406,0.0
2025-07-25,Materials,84.61538461538461,76.92307692307693,3.8461538461538463,0.0
2025-07-25,Real Estate,70.96774193548387,54.83870967741935,6.451612903225806,0.0
2025-07-25,Utilities,90.32258064516128,93.54838709677419,3.225806451612903,0.0
2025-08-01,Communication Services,60.86956521739131,78.26086956521739,0.0,4.3478260869565215
2025-08-01,Consumer Discretionary,70.83333333333334,70.83333333333334,0.0,4.166666666666666
2025-08-01,Consumer Staples,41.66666666666667,36.11111111111111,2.7777777777777777,5.555555555555555
2025-08-01,Energy,36.36363636363637,36.36363636363637,0.0,0.0
2025-08-01,Financials,48.68421052631579,61.8421052631579,1.3157894736842104,3.9473684210526314
2025-08-01,Health Care,40.0,40.0,1.6666666666666667,10.0
2025-08-01,Industrials,56.9620253164557,63.29113924050633,1.2658227848101267,5.063291139240507
2025-08-01,Information Technology,52.85714285714286,62.31884057971014,0.0,4.3478260869565215
2025-08-01,Materials,26.923076923076923,42.30769230769231,0.0,3.8461538461538463
2025-08-01,Real Estate,25.806451612903224,32.25806451612903,0.0,0.0
2025-08-01,Utilities,93.54838709677419,90.32258064516128,29.03225806451613,0.0
2025-08-08,Communication Services,43.47826086956522,78.26086956521739,0.0,4.3478260869565215
2025-08-08,Consumer Discretionary,75.0,75.0,2.083333333333333,4.166666666666666
2025-08-08,Consumer Staples,66.66666666666666,50.0,11.11111111111111,2.7777777777777777
2025-08-08,Energy,27.27272727272727,36.36363636363637,0.0,0.0
2025-08-08,Financials,61.8421052631579,64.47368421052632,6.578947368421052,1.3157894736842104
2025-08-08,Health Care,48.333333333333336,43.333333333333336,3.3333333333333335,5.0
2025-08-08,Industrials,62.0253164556962,64.55696202531645,5.063291139240507,0.0
2025-08-08,Information Technology,57.14285714285714,65.21739130434783,5.797101449275362,5.797101449275362
2025-08-08,Materials,46.15384615384615,42.30769230769231,3.8461538461538463,11.538461538461538
2025-08-08,Real Estate,29.03225806451613,35.483870967741936,0.0,0.0
2025-08-08,Utilities,93.54838709677419,93.54838709677419,6.451612903225806,0.0
2025-08-15,Communication Services,78.26086956521739,82.6086956521739,21.73913043478261,0.0
2025-08-15,Consumer Discretionary,81.25,81.25,4.166666666666666,0.0
2025-08-15,Consumer Staples,61.111111111111114,50.0,0.0,0.0
2025-08-15,Energy,31.818181818181817,36.36363636363637,0.0,0.0
2025-08-15,Financials,65.78947368421053,69.73684210526315,3.9473684210526314,0.0
2025-08-15,Health Care,63.33333333333333,50.0,3.3333333333333335,0.0
2025-08-15,Industrials,54.43037974683544,67.08860759493672,1.2658227848101267,0.0
2025-08-15,Information Technology,55.714285714285715,66.66666666666666,0.0,0.0
2025-08-15,Materials,46.15384615384615,50.0,0.0,0.0
2025-08-15,Real Estate,25.806451612903224,32.25806451612903,0.0,0.0
2025-08-15,Utilities,93.54838709677419,93.54838709677419,0.0,0.0
2025-08-22,Communication Services,78.26086956521739,82.6086956521739,21.73913043478261,0.0
2025-08-22,Consumer Discretionary,87.5,85.41666666666666,12.5,0.0
2025-08-22,Consumer Staples,66.66666666666666,50.0,5.555555555555555,0.0
2025-08-22,Energy,63.63636363636363,59.09090909090909,0.0,0.0
2025-08-22,Financials,82.89473684210526,80.26315789473685,11.842105263157894,0.0
2025-08-22,Health Care,71.66666666666667,60.0,8.333333333333332,0.0
2025-08-22,Industrials,70.88607594936708,78.48101265822784,7.59493670886076,0.0
2025-08-22,Information Technology,61.42857142857143,68.11594202898551,2.898550724637681,0.0
2025-08-22,Materials,76.92307692307693,69.23076923076923,3.8461538461538463,0.0
2025-08-22,Real Estate,58.06451612903226,51.61290322580645,3.225806451612903,0.0
2025-08-22,Utilities,87.09677419354838,93.54838709677419,6.451612903225806,0.0
2025-08-29,Communication Services,65.21739130434783,82.6086956521739,8.695652173913043,0.0
2025-08-29,Consumer Discretionary,83.33333333333334,85.41666666666666,10.416666666666668,0.0
2025-08-29,Consumer Staples,44.44444444444444,41.66666666666667,0.0,0.0
2025-08-29,Energy,72.72727272727273,63.63636363636363,0.0,0.0
2025-08-29,Financials,75.0,75.0,11.842105263157894,0.0
2025-08-29,Health Care,66.66666666666666,53.333333333333336,3.3333333333333335,0.0
2025-08-29,Industrials,59.49367088607595,72.15189873417721,2.5316455696202533,0.0
2025-08-29,Information Technology,57.14285714285714,71.01449275362319,2.898550724637681,0.0
2025-08-29,Materials,65.38461538461539,69.23076923076923,3.8461538461538463,0.0
2025-08-29,Real Estate,67.74193548387096,48.38709677419355,0.0,0.0
2025-08-29,Utilities,70.96774193548387,87.09677419354838,0.0,0.0
2025-09-05,Communication Services,73.91304347826086,86.95652173913044,26.08695652173913,0.0
2025-09-05,Consumer Discretionary,81.25,87.5,12.5,4.166666666666666
2025-09-05,Consumer Staples,61.111111111111114,44.44444444444444,2.7777777777777777,2.7777777777777777
2025-09-05,Energy,45.45454545454545,45.45454545454545,0.0,4.545454545454546
2025-09-05,Financials,61.8421052631579,75.0,18.421052631578945,0.0
2025-09-05,Health Care,66.66666666666666,60.0,1.6666666666666667,0.0
2025-09-05,Industrials,53.16455696202531,65.82278481012658,5.063291139240507,0.0
2025-09-05,Information Technology,55.714285714285715,73.91304347826086,11.594202898550725,0.0
2025-09-05,Materials,50.0,61.53846153846154,3.8461538461538463,3.8461538461538463
2025-09-05,Real Estate,64.51612903225806,48.38709677419355,0.0,0.0
2025-09-05,Utilities,51.61290322580645,87.09677419354838,0.0,0.0
2025-09-12,Communication Services,65.21739130434783,82.6086956521739,17.391304347826086,0.0
2025-09-12,Consumer Discretionary,79.16666666666666,87.5,6.25,2.083333333333333
2025-09-12,Consumer Staples,38.88888888888889,38.88888888888889,0.0,5.555555555555555
2025-09-12,Energy,68.18181818181817,50.0,0.0,0.0
2025-09-12,Financials,72.36842105263158,76.31578947368422,5.263157894736842,0.0
2025-09-12,Health Care,56.666666666666664,48.333333333333336,5.0,0.0
2025-09-12,Industrials,60.75949367088608,68.35443037974683,5.063291139240507,0.0
2025-09-12,Information Technology,54.285714285714285,69.56521739130434,10.144927536231885,0.0
2025-09-12,Materials,57.692307692307686,65.38461538461539,7.6923076923076925,0.0
2025-09-12,Real Estate,67.74193548387096,54.83870967741935,3.225806451612903,0.0
2025-09-12,Utilities,64.51612903225806,87.09677419354838,0.0,0.0
2025-09-19,Communication Services,78.26086956521739,78.26086956521739,17.391304347826086,0.0
2025-09-19,Consumer Discretionary,70.83333333333334,81.25,6.25,0.0
2025-09-19,Consumer Staples,27.77777777777778,38.88888888888889,2.7777777777777777,11.11111111111111
2025-09-19,Energy,59.09090909090909,50.0,0.0,0.0
2025-09-19,Financials,65.78947368421053,69.73684210526315,18.421052631578945,5.263157894736842
2025-09-19,Health Care,55.00000000000001,46.666666666666664,5.0,0.0
2025-09-19,Industrials,60.75949367088608,67.08860759493672,5.063291139240507,2.5316455696202533
2025-09-19,Information Technology,70.0,73.91304347826086,7.246376811594203,1.4492753623188406
2025-09-19,Materials,42.30769230769231,53.84615384615385,3.8461538461538463,0.0
2025-09-19,Real Estate,45.16129032258064,51.61290322580645,0.0,0.0
2025-09-19,Utilities,48.38709677419355,80.64516129032258,3.225806451612903,0.0
2025-09-26,Communication Services,65.21739130434783,78.26086956521739,8.695652173913043,0.0
2025-09-26,Consumer Discretionary,60.416666666666664,81.25,6.25,0.0
2025-09-26,Consumer Staples,27.77777777777778,33.33333333333333,0.0,5.555555555555555
2025-09-26,Energy,86.36363636363636,72.72727272727273,22.727272727272727,0.0
2025-09-26,Financials,61.8421052631579,68.42105263157895,6.578947368421052,0.0
2025-09-26,Health Care,40.0,40.0,5.0,0.0
2025-09-26,Industrials,54.43037974683544,69.62025316455697,6.329113924050633,1.2658227848101267
2025-09-26,Information Technology,61.42857142857143,72.46376811594203,5.797101449275362,0.0
2025-09-26,Materials,42.30769230769231,53.84615384615385,0.0,0.0
2025-09-26,Real Estate,61.29032258064516,54.83870967741935,6.451612903225806,0.0
2025-09-26,Utilities,80.64516129032258,87.09677419354838,19.35483870967742,0.0
2025-10-03,Communication Services,52.17391304347826,78.26086956521739,0.0,0.0
2025-10-03,Consumer Discretionary,56.25,81.25,12.5,0.0
2025-10-03,Consumer Staples,33.33333333333333,36.11111111111111,5.555555555555555,2.7777777777777777
2025-10-03,Energy,63.63636363636363,68.18181818181817,0.0,0.0
2025-10-03,Financials,60.526315789473685,71.05263157894737,11.842105263157894,1.3157894736842104
2025-10-03,Health Care,76.66666666666667,63.33333333333333,6.666666666666667,0.0
2025-10-03,Industrials,60.75949367088608,68.35443037974683,10.126582278481013,0.0
2025-10-03,Information Technology,64.28571428571429,71.01449275362319,14.492753623188406,0.0
2025-10-03,Materials,46.15384615384615,50.0,3.8461538461538463,0.0
2025-10-03,Real Estate,58.06451612903226,58.06451612903226,0.0,0.0
2025-10-03,Utilities,90.32258064516128,90.32258064516128,19.35483870967742,0.0
2025-10-10,Communication Services,34.78260869565217,52.17391304347826,0.0,4.3478260869565215
2025-10-10,Consumer Discretionary,16.666666666666664,62.5,0.0,0.0
2025-10-10,Consumer Staples,22.22222222222222,36.11111111111111,2.7777777777777777,8.333333333333332
2025-10-10,Energy,22.727272727272727,40.909090909090914,0.0,4.545454545454546
2025-10-10,Financials,35.526315789473685,65.78947368421053,2.631578947368421,1.3157894736842104
2025-10-10,Health Care,58.333333333333336,55.00000000000001,1.6666666666666667,1.6666666666666667
2025-10-10,Industrials,29.11392405063291,55.69620253164557,3.79746835443038,1.2658227848101267
2025-10-10,Information Technology,51.42857142857142,62.31884057971014,11.594202898550725,1.4492753623188406
2025-10-10,Materials,26.923076923076923,46.15384615384615,0.0,7.6923076923076925
2025-10-10,Real Estate,19.35483870967742,38.70967741935484,0.0,12.903225806451612
2025-10-10,Utilities,90.32258064516128,90.32258064516128,22.58064516129032,0.0
2025-10-17,Communication Services,30.434782608695656,60.86956521739131,0.0,4.3478260869565215
2025-10-17,Consumer Discretionary,31.25,72.91666666666666,0.0,0.0
2025-10-17,Consumer Staples,33.33333333333333,41.66666666666667,8.333333333333332,0.0
2025-10-17,Energy,36.36363636363637,45.45454545454545,0.0,9.090909090909092
2025-10-17,Financials,19.736842105263158,56.57894736842105,1.3157894736842104,1.3157894736842104
2025-10-17,Health Care,65.0,56.666666666666664,5.0,0.0
2025-10-17,Industrials,44.303797468354425,62.0253164556962,1.2658227848101267,0.0
2025-10-17,Information Technology,60.0,71.01449275362319,0.0,0.0
2025-10-17,Materials,30.76923076923077,42.30769230769231,0.0,0.0
2025-10-17,Real Estate,48.38709677419355,54.83870967741935,3.225806451612903,3.225806451612903
2025-10-17,Utilities,100.0,100.0,3.225806451612903,0.0
2025-10-24,Communication Services,30.434782608695656,60.86956521739131,13.043478260869565,0.0
2025-10-24,Consumer Discretionary,37.5,75.0,8.333333333333332,2.083333333333333
2025-10-24,Consumer Staples,25.0,36.11111111111111,0.0,5.555555555555555
2025-10-24,Energy,54.54545454545454,45.45454545454545,0.0,0.0
2025-10-24,Financials,35.526315789473685,63.1578947368421,1.3157894736842104,0.0
2025-10-24,Health Care,70.0,66.66666666666666,6.666666666666667,0.0
2025-10-24,Industrials,55.69620253164557,67.08860759493672,13.924050632911392,0.0
2025-10-24,Information Technology,70.0,73.91304347826086,15.942028985507244,0.0
2025-10-24,Materials,42.30769230769231,50.0,0.0,0.0
2025-10-24,Real Estate,54.83870967741935,58.06451612903226,0.0,0.0
2025-10-24,Utilities,100.0,96.7741935483871,6.451612903225806,0.0
2025-10-31,Communication Services,30.434782608695656,47.82608695652174,4.3478260869565215,4.3478260869565215
2025-10-31,Consumer Discretionary,20.833333333333336,60.416666666666664,2.083333333333333,4.166666666666666
2025-10-31,Consumer Staples,22.22222222222222,27.77777777777778,0.0,16.666666666666664
2025-10-31,Energy,54.54545454545454,45.45454545454545,0.0,4.545454545454546
2025-10-31,Financials,27.631578947368425,56.57894736842105,1.3157894736842104,9.210526315789473
2025-10-31,Health Care,56.666666666666664,60.0,5.0,6.666666666666667
2025-10-31,Industrials,51.89873417721519,60.75949367088608,2.5316455696202533,3.79746835443038
2025-10-31,Information Technology,61.42857142857143,66.66666666666666,13.043478260869565,1.4492753623188406
2025-10-31,Materials,26.923076923076923,38.46153846153847,0.0,15.384615384615385
2025-10-31,Real Estate,16.129032258064516,38.70967741935484,0.0,6.451612903225806
2025-10-31,Utilities,64.51612903225806,87.09677419354838,0.0,0.0
2025-11-07,Communication Services,26.08695652173913,47.82608695652174,4.3478260869565215,8.695652173913043
2025-11-07,Consumer Discretionary,35.41666666666667,56.25,6.25,2.083333333333333
2025-11-07,Consumer Staples,22.22222222222222,30.555555555555557,2.7777777777777777,5.555555555555555
2025-11-07,Energy,63.63636363636363,72.72727272727273,0.0,0.0
2025-11-07,Financials,42.10526315789473,63.1578947368421,3.9473684210526314,1.3157894736842104
2025-11-07,Health Care,60.0,60.0,8.333333333333332,6.666666666666667
2025-11-07,Industrials,48.10126582278481,58.22784810126582,0.0,1.2658227848101267
2025-11-07,Information Technology,50.0,57.971014492753625,0.0,1.4492753623188406
2025-11-07,Materials,26.923076923076923,38.46153846153847,0.0,7.6923076923076925
2025-11-07,Real Estate,25.806451612903224,35.483870967741936,6.451612903225806,0.0
2025-11-07,Utilities,74.19354838709677,90.32258064516128,0.0,0.0
2025-11-14,Communication Services,26.08695652173913,39.130434782608695,4.3478260869565215,8.695652173913043
2025-11-14,Consumer Discretionary,29.166666666666668,62.5,0.0,0.0
2025-11-14,Consumer Staples,38.88888888888889,33.33333333333333,0.0,2.7777777777777777
2025-11-14,Energy,90.9090909090909,77.27272727272727,13.636363636363635,0.0
2025-11-14,Financials,38.15789473684211,64.47368421052632,5.263157894736842,0.0
2025-11-14,Health Care,71.66666666666667,66.66666666666666,8.333333333333332,1.6666666666666667
2025-11-14,Industrials,37.9746835443038,60.75949367088608,0.0,1.2658227848101267
2025-11-14,Information Technology,38.57142857142858,59.42028985507246,0.0,1.4492753623188406
2025-11-14,Materials,34.61538461538461,38.46153846153847,0.0,3.8461538461538463
2025-11-14,Real Estate,19.35483870967742,29.03225806451613,6.451612903225806,6.451612903225806
2025-11-14,Utilities,70.96774193548387,93.54838709677419,0.0,0.0
2025-11-21,Communication Services,30.434782608695656,39.130434782608695,0.0,4.3478260869565215
2025-11-21,Consumer Discretionary,27.083333333333332,60.416666666666664,6.25,0.0
2025-11-21,Consumer Staples,50.0,33.33333333333333,0.0,0.0
2025-11-21,Energy,72.72727272727273,77.27272727272727,0.0,0.0
2025-11-21,Financials,35.526315789473685,59.210526315789465,6.578947368421052,1.3157894736842104
2025-11-21,Health Care,71.66666666666667,66.66666666666666,15.0,1.6666666666666667
2025-11-21,Industrials,40.50632911392405,60.75949367088608,2.5316455696202533,1.2658227848101267
2025-11-21,Information Technology,22.857142857142858,55.072463768115945,0.0,4.3478260869565215
2025-11-21,Materials,34.61538461538461,34.61538461538461,0.0,0.0
2025-11-21,Real Estate,35.483870967741936,35.483870967741936,0.0,0.0
2025-11-21,Utilities,54.83870967741935,77.41935483870968,0.0,0.0
2025-11-28,Communication Services,43.47826086956522,43.47826086956522,4.3478260869565215,0.0
2025-11-28,Consumer Discretionary,56.25,68.75,8.333333333333332,0.0
2025-11-28,Consumer Staples,66.66666666666666,36.11111111111111,2.7777777777777777,0.0
2025-11-28,Energy,77.27272727272727,77.27272727272727,4.545454545454546,0.0
2025-11-28,Financials,64.47368421052632,65.78947368421053,1.3157894736842104,0.0
2025-11-28,Health Care,81.66666666666667,71.66666666666667,1.6666666666666667,0.0
2025-11-28,Industrials,51.89873417721519,65.82278481012658,5.063291139240507,0.0
2025-11-28,Information Technology,38.57142857142858,60.0,2.898550724637681,0.0
2025-11-28,Materials,76.92307692307693,46.15384615384615,11.538461538461538,0.0
2025-11-28,Real Estate,51.61290322580645,35.483870967741936,9.67741935483871,0.0
2025-11-28,Utilities,80.64516129032258,93.54838709677419,6.451612903225806,0.0
2025-12-05,Communication Services,39.130434782608695,43.47826086956522,17.391304347826086,0.0
2025-12-05,Consumer Discretionary,62.5,66.66666666666666,4.166666666666666,0.0
2025-12-05,Consumer Staples,41.66666666666667,36.11111111111111,11.11111111111111,2.7777777777777777
2025-12-05,Energy,81.81818181818183,81.81818181818183,22.727272727272727,0.0
2025-12-05,Financials,65.78947368421053,69.73684210526315,18.421052631578945,1.3157894736842104
2025-12-05,Health Care,68.33333333333333,76.66666666666667,1.6666666666666667,0.0
2025-12-05,Industrials,58.22784810126582,70.88607594936708,5.063291139240507,0.0
2025-12-05,Information Technology,61.42857142857143,71.42857142857143,5.797101449275362,0.0
2025-12-05,Materials,65.38461538461539,42.30769230769231,0.0,3.8461538461538463
2025-12-05,Real Estate,25.806451612903224,32.25806451612903,0.0,6.451612903225806
2025-12-05,Utilities,6.451612903225806,58.06451612903226,0.0,0.0
2025-12-12,Communication Services,52.17391304347826,52.17391304347826,4.3478260869565215,8.695652173913043
2025-12-12,Consumer Discretionary,72.91666666666666,72.91666666666666,12.5,0.0
2025-12-12,Consumer Staples,61.111111111111114,38.88888888888889,5.555555555555555,2.7777777777777777
2025-12-12,Energy,59.09090909090909,77.27272727272727,0.0,4.545454545454546
2025-12-12,Financials,81.57894736842105,76.31578947368422,14.473684210526317,0.0
2025-12-12,Health Care,66.66666666666666,76.66666666666667,1.6666666666666667,0.0
2025-12-12,Industrials,64.55696202531645,69.62025316455697,12.658227848101266,0.0
2025-12-12,Information Technology,52.85714285714286,65.71428571428571,1.4492753623188406,1.4492753623188406
2025-12-12,Materials,57.692307692307686,46.15384615384615,23.076923076923077,0.0
2025-12-12,Real Estate,38.70967741935484,29.03225806451613,6.451612903225806,0.0
2025-12-12,Utilities,3.225806451612903,54.83870967741935,0.0,0.0
2025-12-19,Communication Services,56.52173913043478,47.82608695652174,0.0,0.0
2025-12-19,Consumer Discretionary,66.66666666666666,68.75,2.083333333333333,0.0
2025-12-19,Consumer Staples,55.55555555555556,33.33333333333333,5.555555555555555,2.7777777777777777
2025-12-19,Energy,45.45454545454545,72.72727272727273,0.0,0.0
2025-12-19,Financials,80.26315789473685,75.0,5.263157894736842,0.0
2025-12-19,Health Care,63.33333333333333,70.0,1.6666666666666667,0.0
2025-12-19,Industrials,63.29113924050633,65.82278481012658,6.329113924050633,0.0
2025-12-19,Information Technology,54.285714285714285,62.857142857142854,2.898550724637681,0.0
2025-12-19,Materials,65.38461538461539,50.0,15.384615384615385,0.0
2025-12-19,Real Estate,35.483870967741936,25.806451612903224,0.0,0.0
2025-12-19,Utilities,3.225806451612903,61.29032258064516,0.0,0.0
2025-12-26,Communication Services,69.56521739130434,52.17391304347826,4.3478260869565215,0.0
2025-12-26,Consumer Discretionary,68.75,66.66666666666666,2.083333333333333,0.0
2025-12-26,Consumer Staples,47.22222222222222,33.33333333333333,0.0,0.0
2025-12-26,Energy,45.45454545454545,72.72727272727273,0.0,0.0
2025-12-26,Financials,88.1578947368421,78.94736842105263,11.842105263157894,0.0
2025-12-26,Health Care,68.33333333333333,70.0,1.6666666666666667,0.0
2025-12-26,Industrials,68.35443037974683,68.35443037974683,3.79746835443038,0.0
2025-12-26,Information Technology,60.0,64.28571428571429,4.3478260869565215,0.0
2025-12-26,Materials,80.76923076923077,53.84615384615385,15.384615384615385,0.0
2025-12-26,Real Estate,45.16129032258064,32.25806451612903,0.0,0.0
2025-12-26,Utilities,9.67741935483871,64.51612903225806,0.0,0.0
2026-01-02,Communication Services,65.21739130434783,43.47826086956522,4.3478260869565215,0.0
2026-01-02,Consumer Discretionary,58.333333333333336,62.5,2.083333333333333,2.083333333333333
2026-01-02,Consumer Staples,44.44444444444444,33.33333333333333,0.0,2.7777777777777777
2026-01-02,Energy,68.18181818181817,72.72727272727273,9.090909090909092,0.0
2026-01-02,Financials,78.94736842105263,76.31578947368422,0.0,0.0
2026-01-02,Health Care,65.0,71.66666666666667,0.0,0.0
2026-01-02,Industrials,65.82278481012658,67.08860759493672,1.2658227848101267,2.5316455696202533
2026-01-02,Information Technology,45.714285714285715,55.714285714285715,7.246376811594203,7.246376811594203
2026-01-02,Materials,84.61538461538461,53.84615384615385,3.8461538461538463,0.0
2026-01-02,Real Estate,48.38709677419355,29.03225806451613,0.0,0.0
2026-01-02,Utilities,22.58064516129032,67.74193548387096,0.0,0.0
2026-01-09,Communication Services,69.56521739130434,43.47826086956522,13.043478260869565,0.0
2026-01-09,Consumer Discretionary,81.25,79.16666666666666,16.666666666666664,0.0
2026-01-09,Consumer Staples,69.44444444444444,36.11111111111111,5.555555555555555,0.0
2026-01-09,Energy,72.72727272727273,77.27272727272727,9.090909090909092,0.0
2026-01-09,Financials,86.8421052631579,77.63157894736842,6.578947368421052,0.0
2026-01-09,Health Care,75.0,76.66666666666667,8.333333333333332,1.6666666666666667
2026-01-09,Industrials,82.27848101265823,77.21518987341773,17.72151898734177,0.0
2026-01-09,Information Technology,53.52112676056338,62.857142857142854,7.246376811594203,1.4492753623188406
2026-01-09,Materials,100.0,73.07692307692307,15.384615384615385,0.0
2026-01-09,Real Estate,64.51612903225806,45.16129032258064,3.225806451612903,6.451612903225806
2026-01-09,Utilities,16.129032258064516,58.06451612903226,0.0,0.0
2026-01-16,Communication Services,56.52173913043478,43.47826086956522,0.0,13.043478260869565
2026-01-16,Consumer Discretionary,75.0,70.83333333333334,4.166666666666666,0.0
2026-01-16,Consumer Staples,72.22222222222221,50.0,2.7777777777777777,0.0
2026-01-16,Energy,77.27272727272727,77.27272727272727,4.545454545454546,0.0
2026-01-16,Financials,63.1578947368421,69.73684210526315,13.157894736842104,0.0
2026-01-16,Health Care,66.66666666666666,80.0,3.3333333333333335,0.0
2026-01-16,Industrials,91.13924050632912,79.74683544303798,18.9873417721519,1.2658227848101267
2026-01-16,Information Technology,49.29577464788733,55.714285714285715,5.797101449275362,8.695652173913043
2026-01-16,Materials,96.15384615384616,80.76923076923077,0.0,0.0
2026-01-16,Real Estate,90.32258064516128,58.06451612903226,9.67741935483871,0.0
2026-01-16,Utilities,74.19354838709677,83.87096774193549,6.451612903225806,0.0
2026-01-23,Communication Services,65.21739130434783,47.82608695652174,0.0,0.0
2026-01-23,Consumer Discretionary,75.0,68.75,2.083333333333333,0.0
2026-01-23,Consumer Staples,80.55555555555556,55.55555555555556,11.11111111111111,2.7777777777777777
2026-01-23,Energy,86.36363636363636,95.45454545454545,36.36363636363637,0.0
2026-01-23,Financials,48.68421052631579,68.42105263157895,1.3157894736842104,0.0
2026-01-23,Health Care,65.0,78.33333333333333,1.6666666666666667,0.0
2026-01-23,Industrials,82.27848101265823,78.48101265822784,7.59493670886076,2.5316455696202533
2026-01-23,Information Technology,49.29577464788733,54.285714285714285,2.898550724637681,1.4492753623188406
2026-01-23,Materials,100.0,88.46153846153845,7.6923076923076925,0.0
2026-01-23,Real Estate,70.96774193548387,54.83870967741935,0.0,0.0
2026-01-23,Utilities,51.61290322580645,67.74193548387096,0.0,0.0
2026-01-30,Communication Services,73.91304347826086,52.17391304347826,4.3478260869565215,4.3478260869565215
2026-01-30,Consumer Discretionary,60.416666666666664,70.83333333333334,0.0,0.0
2026-01-30,Consumer Staples,75.0,50.0,5.555555555555555,0.0
2026-01-30,Energy,95.45454545454545,100.0,4.545454545454546,0.0
2026-01-30,Financials,59.210526315789465,65.78947368421053,3.9473684210526314,3.9473684210526314
2026-01-30,Health Care,56.666666666666664,75.0,1.6666666666666667,0.0
2026-01-30,Industrials,75.9493670886076,75.9493670886076,7.59493670886076,2.5316455696202533
2026-01-30,Information Technology,46.478873239436616,48.57142857142857,7.246376811594203,2.898550724637681
2026-01-30,Materials,96.15384615384616,84.61538461538461,0.0,0.0
2026-01-30,Real Estate,67.74193548387096,48.38709677419355,3.225806451612903,0.0
2026-01-30,Utilities,77.41935483870968,80.64516129032258,0.0,0.0
2026-02-06,Communication Services,34.78260869565217,43.47826086956522,0.0,8.695652173913043
2026-02-06,Consumer Discretionary,66.66666666666666,70.83333333333334,10.416666666666668,0.0
2026-02-06,Consumer Staples,94.44444444444444,72.22222222222221,19.444444444444446,0.0
2026-02-06,Energy,95.45454545454545,100.0,45.45454545454545,0.0
2026-02-06,Financials,57.89473684210527,57.89473684210527,22.36842105263158,0.0
2026-02-06,Health Care,56.666666666666664,71.66666666666667,16.666666666666664,1.6666666666666667
2026-02-06,Industrials,86.07594936708861,79.74683544303798,30.37974683544304,5.063291139240507
2026-02-06,Information Technology,43.66197183098591,50.0,10.144927536231885,4.3478260869565215
2026-02-06,Materials,100.0,92.3076923076923,26.923076923076923,0.0
2026-02-06,Real Estate,67.74193548387096,58.06451612903226,19.35483870967742,9.67741935483871
2026-02-06,Utilities,80.64516129032258,80.64516129032258,19.35483870967742,0.0
2026-02-13,Communication Services,30.434782608695656,39.130434782608695,0.0,8.695652173913043
2026-02-13,Consumer Discretionary,60.416666666666664,62.5,8.333333333333332,4.166666666666666
2026-02-13,Consumer Staples,88.88888888888889,80.55555555555556,8.333333333333332,0.0
2026-02-13,Energy,95.45454545454545,95.45454545454545,18.181818181818183,0.0
2026-02-13,Financials,32.89473684210527,52.63157894736842,0.0,0.0
2026-02-13,Health Care,55.00000000000001,71.66666666666667,3.3333333333333335,0.0
2026-02-13,Industrials,73.41772151898735,75.9493670886076,2.5316455696202533,0.0
2026-02-13,Information Technology,40.845070422535215,45.714285714285715,2.857142857142857,2.857142857142857
2026-02-13,Materials,100.0,96.15384615384616,3.8461538461538463,0.0
2026-02-13,Real Estate,83.87096774193549,58.06451612903226,0.0,0.0
2026-02-13,Utilities,96.7741935483871,90.32258064516128,64.51612903225806,0.0
2026-02-20,Communication Services,43.47826086956522,43.47826086956522,0.0,0.0
2026-02-20,Consumer Discretionary,60.416666666666664,62.5,6.25,2.083333333333333
2026-02-20,Consumer Staples,94.44444444444444,77.77777777777779,5.555555555555555,0.0
2026-02-20,Energy,100.0,100.0,13.636363636363635,0.0
2026-02-20,Financials,43.42105263157895,56.57894736842105,2.631578947368421,0.0
2026-02-20,Health Care,56.666666666666664,71.66666666666667,3.3333333333333335,0.0
2026-02-20,Industrials,75.9493670886076,77.21518987341773,15.18987341772152,2.5316455696202533
2026-02-20,Information Technology,43.66197183098591,44.285714285714285,10.0,2.857142857142857
2026-02-20,Materials,96.15384615384616,96.15384615384616,3.8461538461538463,0.0
2026-02-20,Real Estate,74.19354838709677,48.38709677419355,0.0,3.225806451612903
2026-02-20,Utilities,96.7741935483871,90.32258064516128,12.903225806451612,0.0
